time,open,high,low,close,volume
1772199272,0.971604,0.97221,0.9712,0.97271,0.9689