time,open,high,low,close,volume
1772199270,1.1878739999999999,1.18824,1.18763,1.18874,1.18414
1772199280,1.1878739999999999,1.18824,1.18763,1.18874,1.18414