time,open,high,low,close,volume
1772199265,0.910816,0.91126,0.91052,0.9117599999999999,0.90862