time,open,high,low,close,volume
1772199275,1.180254,1.18083,1.17987,1.18133,1.17739