time,open,high,low,close,volume
1772199262,1.8415679999999999,1.8426,1.8408799999999998,1.8431,1.83727