time,open,high,low,close,volume
1772199269,1.039574,1.04042,1.03901,1.0409199999999998,1.03586
1772199277,1.039574,1.04042,1.03901,1.0409199999999998,1.03586