time,open,high,low,close,volume
1772199266,1.347128,1.34792,1.3466,1.34842,1.34453