time,open,high,low,close,volume
1772557373,1.1906320000000001,1.19114,1.18987,1.18937,1.19801