time,open,high,low,close,volume
1772203504,1.660582,1.65953,1.660582,1.65953,1.6633981827783222
1772209805,1.6578199999999998,1.65627,1.6578199999999998,1.65627,1.661205089309288
1772217902,1.660836,1.6618099999999998,1.660836,1.6618099999999998,1.6580634845058406
1772422278,1.658386,1.65981,1.658386,1.65981,1.6539177406800827
1772461876,1.657722,1.65601,1.657722,1.65601,1.6608893724666405
1772462713,1.657828,1.6594499999999999,1.657828,1.6594499999999999,1.6543859077044247
1772468108,1.65472,1.65651,1.65472,1.65651,1.6505736575113408
1772477106,1.651774,1.65282,1.651774,1.65282,1.6481436120507154