time,open,high,low,close,volume
1772203504,1.660582,1.65953,1.660582,1.65953,1.6633981827783222