time,open,high,low,close,volume
1772203504,1.660582,1.65953,1.660582,1.65953,1.6633981827783222
1772209805,1.6578199999999998,1.65627,1.6578199999999998,1.65627,1.661205089309288
1772217902,1.660836,1.6618099999999998,1.660836,1.6618099999999998,1.6580634845058406