time,open,high,low,close,volume
1772215206,1.61102,1.6118499999999998,1.61102,1.6118499999999998,1.6089396190613667