time,open,high,low,close,volume
1772215206,1.61102,1.6118499999999998,1.61102,1.6118499999999998,1.6089396190613667
1772217904,1.6103800000000001,1.61121,1.6103800000000001,1.61121,1.6084889750047628