time,open,high,low,close,volume
1772215206,1.61102,1.6118499999999998,1.61102,1.6118499999999998,1.6089396190613667
1772217904,1.6103800000000001,1.61121,1.6103800000000001,1.61121,1.6084889750047628
1772467263,1.601592,1.60262,1.601592,1.60262,1.5991815442302422
1772469005,1.6005280000000002,1.59959,1.6005280000000002,1.59959,1.602977249774585
1772477108,1.603004,1.60405,1.603004,1.60405,1.6004826180987957
1772507748,1.597888,1.59861,1.597888,1.59861,1.5964436662789536
1772549114,1.5872979999999999,1.58549,1.5872979999999999,1.58549,1.5899513715917573
1772563569,1.585214,1.58433,1.585214,1.58433,1.588202665651935
1772594106,1.587282,1.5865600000000002,1.587282,1.5865600000000002,1.5888894656615382