time,open,high,low,close,volume
1772203502,184.1778,184.07799999999997,184.1778,184.07799999999997,184.40894736937707
1772445648,184.1574,184.03,184.1574,184.03,184.5092876841192
1772462711,184.3762,184.232,184.3762,184.232,184.67873982317371
1772467265,184.4928,184.63400000000001,184.4928,184.63400000000001,184.17432390176134
1772469905,184.1456,184.26100000000002,184.1456,184.26100000000002,183.81515481482137
1772474447,184.1492,184.065,184.1492,184.065,184.46445306854838
1772475306,184.178,184.29100000000003,184.178,184.29100000000003,183.86040395616732