time,open,high,low,close,volume
1772203502,184.1778,184.07799999999997,184.1778,184.07799999999997,184.40894736937707