time,open,high,low,close,volume
1772203502,184.1778,184.07799999999997,184.1778,184.07799999999997,184.40894736937707
1772445648,184.1574,184.03,184.1574,184.03,184.5092876841192
1772462711,184.3762,184.232,184.3762,184.232,184.67873982317371