time,open,high,low,close,volume
1772201023,191.45,191.85,191.3,191.85,190.25
1772202605,210.0268,209.903,210.0268,209.903,210.3790482383111
1772208003,210.0802,210.21,210.0802,210.21,209.71421031309708
1772216104,210.0236,209.90099999999998,210.0236,209.90099999999998,210.34476714973115
1772423104,210.1556,210.03,210.1556,210.03,210.57414353103837
1772448303,210.0582,209.914,210.0582,209.914,210.52610235534266
1772460046,210.8932,211.068,210.8932,211.068,210.4492086385876
1772460903,210.8992,210.731,210.8992,210.731,211.38082689827075