time,open,high,low,close,volume
1772201023,191.45,191.85,191.3,191.85,190.25
1772202605,210.0268,209.903,210.0268,209.903,210.3790482383111
1772208003,210.0802,210.21,210.0802,210.21,209.71421031309708
1772216104,210.0236,209.90099999999998,210.0236,209.90099999999998,210.34476714973115