time,open,high,low,close,volume
1772202603,1.36722,1.36802,1.36722,1.36802,1.3656068736240168