time,open,high,low,close,volume
1772202603,1.36722,1.36802,1.36722,1.36802,1.3656068736240168
1772208906,1.36411,1.36608,1.36411,1.36608,1.3616873445842896